metric,mem_percent,k,f1_test,precision_test,recall_test
manhattan,0.9500000000000002,1,0.8188570265485366,0.8301852293505048,0.8087570621468927
manhattan,0.8500000000000002,1,0.8168350168350169,0.8267179907868998,0.807909604519774
manhattan,0.7500000000000002,1,0.8055211821914439,0.8112635880040089,0.8001338090990188
manhattan,0.6500000000000001,1,0.7963445101906641,0.7996065205171444,0.7932054713053821
manhattan,0.9500000000000002,11,0.7591561341822675,0.8873456790123457,0.7089800773119239
